{"lr": 0.0002750846060907351, "data_time": 1.2646438360214234, "loss": 0.2019952729344368, "decode.loss_ce": 0.2019952729344368, "decode.acc_seg": 87.30073547363281, "time": 1.5329508304595947, "epoch": 1, "memory": 9752, "step": 50}
{"lr": 0.0003228332999332277, "data_time": 1.1070761919021606, "loss": 0.05598915852606297, "decode.loss_ce": 0.05598915852606297, "decode.acc_seg": 100.0, "time": 1.3807005643844605, "epoch": 1, "memory": 7513, "step": 100}
{"lr": 0.00017735095261672696, "data_time": 0.8304731607437134, "loss": 0.05706072077155113, "decode.loss_ce": 0.05706072077155113, "decode.acc_seg": 100.0, "time": 1.1040817499160767, "epoch": 1, "memory": 7513, "step": 150}
{"lr": 0.00012208588957055206, "data_time": 1.1334667682647706, "loss": 0.03342261118814349, "decode.loss_ce": 0.03342261118814349, "decode.acc_seg": 99.76171112060547, "time": 1.4046722412109376, "epoch": 1, "memory": 7513, "step": 200}
{"lr": 0.00012208588957055206, "data_time": 0.829714584350586, "loss": 0.0176321966573596, "decode.loss_ce": 0.0176321966573596, "decode.acc_seg": 99.33190155029297, "time": 1.094678568840027, "epoch": 1, "memory": 7513, "step": 250}
{"lr": 0.00012208588957055206, "data_time": 1.2593496799468995, "loss": 0.0191459309309721, "decode.loss_ce": 0.0191459309309721, "decode.acc_seg": 100.0, "time": 1.539401388168335, "epoch": 1, "memory": 7513, "step": 300}
{"lr": 0.00012208588957055206, "data_time": 0.993363618850708, "loss": 0.007642087060958147, "decode.loss_ce": 0.007642087060958147, "decode.acc_seg": 100.0, "time": 1.2564125776290893, "epoch": 1, "memory": 7513, "step": 350}
{"lr": 0.00012208588957055206, "data_time": 1.0425130128860474, "loss": 0.01354133728891611, "decode.loss_ce": 0.01354133728891611, "decode.acc_seg": 100.0, "time": 1.3127487659454347, "epoch": 1, "memory": 7513, "step": 400}
{"lr": 0.00012208588957055206, "data_time": 1.1516051530838012, "loss": 0.015260038059204816, "decode.loss_ce": 0.015260038059204816, "decode.acc_seg": 100.0, "time": 1.419831967353821, "epoch": 1, "memory": 7513, "step": 450}
{"lr": 0.00012208588957055206, "data_time": 0.9999647617340088, "loss": 0.0076803610194474455, "decode.loss_ce": 0.0076803610194474455, "decode.acc_seg": 100.0, "time": 1.2662338972091676, "epoch": 1, "memory": 7513, "step": 500}
{"lr": 0.00012208588957055206, "data_time": 0.9741037845611572, "loss": 0.014407958090305328, "decode.loss_ce": 0.014407958090305328, "decode.acc_seg": 100.00000762939453, "time": 1.243650197982788, "epoch": 1, "memory": 7512, "step": 550}
{"lr": 0.00012208588957055206, "data_time": 1.1798659563064575, "loss": 0.008836237853392959, "decode.loss_ce": 0.008836237853392959, "decode.acc_seg": 100.0, "time": 1.447989559173584, "epoch": 1, "memory": 7513, "step": 600}
{"lr": 0.00012208588957055206, "data_time": 0.9836463212966919, "loss": 0.005665754433721304, "decode.loss_ce": 0.005665754433721304, "decode.acc_seg": 100.0, "time": 1.253460907936096, "epoch": 1, "memory": 7513, "step": 650}
{"lr": 0.00012208588957055206, "data_time": 1.2811597108840942, "loss": 0.006251319008879363, "decode.loss_ce": 0.006251319008879363, "decode.acc_seg": 100.0, "time": 1.5610138177871704, "epoch": 1, "memory": 7513, "step": 700}
{"lr": 0.00012208588957055206, "data_time": 0.8473910808563232, "loss": 0.004665533662773669, "decode.loss_ce": 0.004665533662773669, "decode.acc_seg": 100.0, "time": 1.1179544448852539, "epoch": 1, "memory": 7513, "step": 750}
{"lr": 0.00012208588957055206, "data_time": 1.0735392093658447, "loss": 0.005313474021386355, "decode.loss_ce": 0.005313474021386355, "decode.acc_seg": 100.0, "time": 1.3450266599655152, "epoch": 1, "memory": 7513, "step": 800}
{"lr": 0.00012208588957055206, "data_time": 1.073338007926941, "loss": 0.003118720883503556, "decode.loss_ce": 0.003118720883503556, "decode.acc_seg": 100.0, "time": 1.344605278968811, "epoch": 1, "memory": 7512, "step": 850}
{"lr": 0.00012208588957055206, "data_time": 1.0526719093322754, "loss": 0.003298639296554029, "decode.loss_ce": 0.003298639296554029, "decode.acc_seg": 100.0, "time": 1.328643226623535, "epoch": 1, "memory": 7513, "step": 900}
{"lr": 0.00012208588957055206, "data_time": 1.1174261808395385, "loss": 0.00279759963741526, "decode.loss_ce": 0.00279759963741526, "decode.acc_seg": 100.0, "time": 1.388152527809143, "epoch": 1, "memory": 7513, "step": 950}
{"lr": 0.00012208588957055206, "data_time": 1.1653294563293457, "loss": 0.0038378402357921006, "decode.loss_ce": 0.0038378402357921006, "decode.acc_seg": 99.99999237060547, "time": 1.4394371032714843, "epoch": 1, "memory": 7513, "step": 1000}
{"lr": 0.00012208588957055206, "data_time": 1.0573235034942627, "loss": 0.0020130523247644306, "decode.loss_ce": 0.0020130523247644306, "decode.acc_seg": 100.0, "time": 1.3257855653762818, "epoch": 1, "memory": 7514, "step": 1050}
{"lr": 0.00012208588957055206, "data_time": 0.9817853689193725, "loss": 0.0046018033172003925, "decode.loss_ce": 0.0046018033172003925, "decode.acc_seg": 100.0, "time": 1.2501295328140258, "epoch": 1, "memory": 7513, "step": 1100}
{"lr": 0.00012208588957055206, "data_time": 1.2995012283325196, "loss": 0.003111432446166873, "decode.loss_ce": 0.003111432446166873, "decode.acc_seg": 100.0, "time": 1.5697054862976074, "epoch": 1, "memory": 7513, "step": 1150}
{"lr": 0.00012208588957055206, "data_time": 1.0813953638076783, "loss": 0.002597369102295488, "decode.loss_ce": 0.002597369102295488, "decode.acc_seg": 100.0, "time": 1.3526627540588378, "epoch": 1, "memory": 7512, "step": 1200}
{"lr": 0.00012208588957055206, "data_time": 1.1345554351806642, "loss": 0.002141141489846632, "decode.loss_ce": 0.002141141489846632, "decode.acc_seg": 99.99999237060547, "time": 1.403572678565979, "epoch": 1, "memory": 7520, "step": 1250}
{"lr": 0.00012208588957055206, "data_time": 0.9858617782592773, "loss": 0.0026364373217802493, "decode.loss_ce": 0.0026364373217802493, "decode.acc_seg": 100.0, "time": 1.2517138481140138, "epoch": 1, "memory": 7513, "step": 1300}
{"lr": 0.00012208588957055206, "data_time": 1.4853184700012207, "loss": 0.002031324472045526, "decode.loss_ce": 0.002031324472045526, "decode.acc_seg": 100.0, "time": 1.7670522928237915, "epoch": 1, "memory": 7513, "step": 1350}
{"lr": 0.00012208588957055206, "data_time": 1.1198980331420898, "loss": 0.001783219911158085, "decode.loss_ce": 0.001783219911158085, "decode.acc_seg": 99.99999237060547, "time": 1.3955731630325316, "epoch": 1, "memory": 7513, "step": 1400}
{"lr": 0.00012208588957055206, "data_time": 0.7699366569519043, "loss": 0.001834856386994943, "decode.loss_ce": 0.001834856386994943, "decode.acc_seg": 100.0, "time": 1.0309890747070312, "epoch": 1, "memory": 7513, "step": 1450}
{"lr": 0.00012208588957055206, "data_time": 1.045957088470459, "loss": 0.0012175409530755133, "decode.loss_ce": 0.0012175409530755133, "decode.acc_seg": 100.0, "time": 1.3151182174682616, "epoch": 1, "memory": 7513, "step": 1500}
{"lr": 0.00012208588957055206, "data_time": 1.0747396230697632, "loss": 0.0018394512735540047, "decode.loss_ce": 0.0018394512735540047, "decode.acc_seg": 99.99999237060547, "time": 1.3489164113998413, "epoch": 1, "memory": 7513, "step": 1550}
{"lr": 0.00012208588957055206, "data_time": 1.444244623184204, "loss": 0.0014623926545027643, "decode.loss_ce": 0.0014623926545027643, "decode.acc_seg": 100.0, "time": 1.7174095630645752, "epoch": 1, "memory": 7513, "step": 1600}
{"lr": 0.00012208588957055206, "data_time": 0.9936573266983032, "loss": 0.0008735167852137238, "decode.loss_ce": 0.0008735167852137238, "decode.acc_seg": 100.0, "time": 1.2553183794021607, "epoch": 1, "memory": 7513, "step": 1650}
{"lr": 0.00012208588957055206, "data_time": 0.8099507570266724, "loss": 0.0017731341009493916, "decode.loss_ce": 0.0017731341009493916, "decode.acc_seg": 100.00000762939453, "time": 1.07621591091156, "epoch": 1, "memory": 7513, "step": 1700}
{"lr": 0.00012208588957055206, "data_time": 1.0990149259567261, "loss": 0.0016465241613332182, "decode.loss_ce": 0.0016465241613332182,